{
    "stock": [
        { "itemNumber": 1000, "type": "trousers", "size": "small", "imageUrl": "https://asda.scene7.com/is/image/Asda/5053516027882?hei=1800&qlt=85&fmt=pjpg&resmode=sharp&op_usm=1.1,0.5,0,0&defaultimage=default_details_George_rd", "colour": "black", "length": "long", "stock": 3 },
        { "itemNumber": 1001, "type": "trousers", "size": "small", "imageUrl": "https://asda.scene7.com/is/image/Asda/5053516027882?hei=1800&qlt=85&fmt=pjpg&resmode=sharp&op_usm=1.1,0.5,0,0&defaultimage=default_details_George_rd", "colour": "black", "length": "standard", "stock": 5 },
        { "itemNumber": 1002, "type": "trousers", "size": "small", "imageUrl": "https://asda.scene7.com/is/image/Asda/5053516027882?hei=1800&qlt=85&fmt=pjpg&resmode=sharp&op_usm=1.1,0.5,0,0&defaultimage=default_details_George_rd", "colour": "black", "length": "short", "stock": 0 },
        { "itemNumber": 1003, "type": "trousers", "size": "medium", "imageUrl": "https://asda.scene7.com/is/image/Asda/5053516027882?hei=1800&qlt=85&fmt=pjpg&resmode=sharp&op_usm=1.1,0.5,0,0&defaultimage=default_details_George_rd", "colour": "black", "length": "long", "stock": 2 },
        { "itemNumber": 1004, "type": "trousers", "size": "medium", "imageUrl": "https://asda.scene7.com/is/image/Asda/5053516027882?hei=1800&qlt=85&fmt=pjpg&resmode=sharp&op_usm=1.1,0.5,0,0&defaultimage=default_details_George_rd", "colour": "black", "length": "standard", "stock": 8 },
        { "itemNumber": 1005, "type": "trousers", "size": "medium", "imageUrl": "https://asda.scene7.com/is/image/Asda/5053516027882?hei=1800&qlt=85&fmt=pjpg&resmode=sharp&op_usm=1.1,0.5,0,0&defaultimage=default_details_George_rd", "colour": "black", "length": "short", "stock": 4 },
        { "itemNumber": 1006, "type": "trousers", "size": "large", "imageUrl": "https://asda.scene7.com/is/image/Asda/5053516027882?hei=1800&qlt=85&fmt=pjpg&resmode=sharp&op_usm=1.1,0.5,0,0&defaultimage=default_details_George_rd", "colour": "black", "length": "long", "stock": 4 },
        { "itemNumber": 1007, "type": "trousers", "size": "large", "imageUrl": "https://asda.scene7.com/is/image/Asda/5053516027882?hei=1800&qlt=85&fmt=pjpg&resmode=sharp&op_usm=1.1,0.5,0,0&defaultimage=default_details_George_rd", "colour": "black", "length": "standard", "stock": 4 },
        { "itemNumber": 1008, "type": "trousers", "size": "large", "imageUrl": "https://asda.scene7.com/is/image/Asda/5053516027882?hei=1800&qlt=85&fmt=pjpg&resmode=sharp&op_usm=1.1,0.5,0,0&defaultimage=default_details_George_rd", "colour": "black", "length": "short", "stock": 1 },

        { "itemNumber": 1009, "type": "shirt", "size": "small", "imageUrl": "https://images-na.ssl-images-amazon.com/images/I/515GMvFiBFL._UX385_.jpg", "colour": "black", "stock": 6 },
        { "itemNumber": 1010, "type": "shirt", "size": "medium", "imageUrl": "https://images-na.ssl-images-amazon.com/images/I/515GMvFiBFL._UX385_.jpg", "colour": "black", "stock": 0 },
        { "itemNumber": 1011, "type": "shirt", "size": "large", "imageUrl": "https://images-na.ssl-images-amazon.com/images/I/515GMvFiBFL._UX385_.jpg", "colour": "black", "stock": 3 },

        { "itemNumber": 1012, "type": "jacket", "size": "small", "imageUrl": "https://www.urbanrider.co.uk/media/catalog/product/cache/1/thumbnail/9df78eab33525d08d6e5fb8d27136e95/r/o/rokker-black-denim-jacket-front.jpg", "colour": "black", "stock": 4 },
        { "itemNumber": 1013, "type": "jacket", "size": "medium", "imageUrl": "https://www.urbanrider.co.uk/media/catalog/product/cache/1/thumbnail/9df78eab33525d08d6e5fb8d27136e95/r/o/rokker-black-denim-jacket-front.jpg", "colour": "black", "stock": 6 },
        { "itemNumber": 1014, "type": "jacket", "size": "large", "imageUrl": "https://www.urbanrider.co.uk/media/catalog/product/cache/1/thumbnail/9df78eab33525d08d6e5fb8d27136e95/r/o/rokker-black-denim-jacket-front.jpg", "colour": "black", "stock": 8 },


        { "itemNumber": 1015, "type": "trousers", "size": "small", "imageUrl": "https://images-na.ssl-images-amazon.com/images/I/21Q40n%2B65iL.jpg", "colour": "white", "length": "long", "stock": 0 },
        { "itemNumber": 1016, "type": "trousers", "size": "small", "imageUrl": "https://images-na.ssl-images-amazon.com/images/I/21Q40n%2B65iL.jpg", "colour": "white", "length": "standard", "stock": 1 },
        { "itemNumber": 1017, "type": "trousers", "size": "small", "imageUrl": "https://images-na.ssl-images-amazon.com/images/I/21Q40n%2B65iL.jpg", "colour": "white", "length": "short", "stock": 2 },
        { "itemNumber": 1018, "type": "trousers", "size": "medium", "imageUrl": "https://images-na.ssl-images-amazon.com/images/I/21Q40n%2B65iL.jpg", "colour": "white", "length": "long", "stock": 2 },
        { "itemNumber": 1019, "type": "trousers", "size": "medium", "imageUrl": "https://images-na.ssl-images-amazon.com/images/I/21Q40n%2B65iL.jpg", "colour": "white", "length": "standard", "stock": 1 },
        { "itemNumber": 1020, "type": "trousers", "size": "medium", "imageUrl": "https://images-na.ssl-images-amazon.com/images/I/21Q40n%2B65iL.jpg", "colour": "white", "length": "short", "stock": 0 },
        { "itemNumber": 1021, "type": "trousers", "size": "large", "imageUrl": "https://images-na.ssl-images-amazon.com/images/I/21Q40n%2B65iL.jpg", "colour": "white", "length": "long", "stock": 0 },
        { "itemNumber": 1022, "type": "trousers", "size": "large", "imageUrl": "https://images-na.ssl-images-amazon.com/images/I/21Q40n%2B65iL.jpg", "colour": "white", "length": "standard", "stock": 3 },
        { "itemNumber": 1023, "type": "trousers", "size": "large", "imageUrl": "https://images-na.ssl-images-amazon.com/images/I/21Q40n%2B65iL.jpg", "colour": "white", "length": "short", "stock": 1 },

        { "itemNumber": 1024, "type": "shirt", "size": "small", "imageUrl": "https://cdn.shopify.com/s/files/1/0407/0829/products/White_dress_shirt_front_1024x1024.jpg?v=1511411268", "colour": "white", "stock": 14 },
        { "itemNumber": 1025, "type": "shirt", "size": "medium", "imageUrl": "https://cdn.shopify.com/s/files/1/0407/0829/products/White_dress_shirt_front_1024x1024.jpg?v=1511411268", "colour": "white", "stock": 20 },
        { "itemNumber": 1026, "type": "shirt", "size": "large", "imageUrl": "https://cdn.shopify.com/s/files/1/0407/0829/products/White_dress_shirt_front_1024x1024.jpg?v=1511411268", "colour": "white", "stock": 13 },

        { "itemNumber": 1027, "type": "jacket", "size": "small", "imageUrl": "https://cdnc.lystit.com/photos/5c62-2014/07/08/enfants-riches-deprimes-white-chessboard-bomber-jacket-casual-jackets-product-1-21454922-3-059641380-normal.jpeg", "colour": "white", "stock": 0 },
        { "itemNumber": 1028, "type": "jacket", "size": "medium", "imageUrl": "https://cdnc.lystit.com/photos/5c62-2014/07/08/enfants-riches-deprimes-white-chessboard-bomber-jacket-casual-jackets-product-1-21454922-3-059641380-normal.jpeg", "colour": "white", "stock": 2 },
        { "itemNumber": 1029, "type": "jacket", "size": "large", "imageUrl": "https://cdnc.lystit.com/photos/5c62-2014/07/08/enfants-riches-deprimes-white-chessboard-bomber-jacket-casual-jackets-product-1-21454922-3-059641380-normal.jpeg", "colour": "white", "stock": 2 },


        { "itemNumber": 1030, "type": "trousers", "size": "small", "imageUrl": "https://www.decathlon.co.uk/media/839/8398185/big_1ecc4125-1113-4a19-ba61-591a418c9eda.jpg", "colour": "blue", "length": "long", "stock": 4 },
        { "itemNumber": 1031, "type": "trousers", "size": "small", "imageUrl": "https://www.decathlon.co.uk/media/839/8398185/big_1ecc4125-1113-4a19-ba61-591a418c9eda.jpg", "colour": "blue", "length": "standard", "stock": 4 },
        { "itemNumber": 1032, "type": "trousers", "size": "small", "imageUrl": "https://www.decathlon.co.uk/media/839/8398185/big_1ecc4125-1113-4a19-ba61-591a418c9eda.jpg", "colour": "blue", "length": "short", "stock": 3 },
        { "itemNumber": 1033, "type": "trousers", "size": "medium", "imageUrl": "https://www.decathlon.co.uk/media/839/8398185/big_1ecc4125-1113-4a19-ba61-591a418c9eda.jpg", "colour": "blue", "length": "long", "stock": 3 },
        { "itemNumber": 1034, "type": "trousers", "size": "medium", "imageUrl": "https://www.decathlon.co.uk/media/839/8398185/big_1ecc4125-1113-4a19-ba61-591a418c9eda.jpg", "colour": "blue", "length": "standard", "stock": 7 },
        { "itemNumber": 1035, "type": "trousers", "size": "medium", "imageUrl": "https://www.decathlon.co.uk/media/839/8398185/big_1ecc4125-1113-4a19-ba61-591a418c9eda.jpg", "colour": "blue", "length": "short", "stock": 5 },
        { "itemNumber": 1036, "type": "trousers", "size": "large", "imageUrl": "https://www.decathlon.co.uk/media/839/8398185/big_1ecc4125-1113-4a19-ba61-591a418c9eda.jpg", "colour": "blue", "length": "long", "stock": 3 },
        { "itemNumber": 1037, "type": "trousers", "size": "large", "imageUrl": "https://www.decathlon.co.uk/media/839/8398185/big_1ecc4125-1113-4a19-ba61-591a418c9eda.jpg", "colour": "blue", "length": "standard", "stock": 1 },
        { "itemNumber": 1038, "type": "trousers", "size": "large", "imageUrl": "https://www.decathlon.co.uk/media/839/8398185/big_1ecc4125-1113-4a19-ba61-591a418c9eda.jpg", "colour": "blue", "length": "short", "stock": 2 },

        { "itemNumber": 1039, "type": "shirt", "size": "small", "imageUrl": "https://rukminim1.flixcart.com/image/832/832/shirt/s/h/y/46-bfrybluesht02-being-fab-original-imaekjr8ymhnxznp.jpeg?q=70", "colour": "blue", "stock": 7 },
        { "itemNumber": 1040, "type": "shirt", "size": "medium", "imageUrl": "https://rukminim1.flixcart.com/image/832/832/shirt/s/h/y/46-bfrybluesht02-being-fab-original-imaekjr8ymhnxznp.jpeg?q=70", "colour": "blue", "stock": 8 },
        { "itemNumber": 1041, "type": "shirt", "size": "large", "imageUrl": "https://rukminim1.flixcart.com/image/832/832/shirt/s/h/y/46-bfrybluesht02-being-fab-original-imaekjr8ymhnxznp.jpeg?q=70", "colour": "blue", "stock": 4 },

        { "itemNumber": 1042, "type": "jacket", "size": "small", "imageUrl": "https://www.caineleather.co.uk/images/P/tr_brownston_blue_leather_jacket-01.jpg", "colour": "blue", "stock": 1 },
        { "itemNumber": 1043, "type": "jacket", "size": "medium", "imageUrl": "https://www.caineleather.co.uk/images/P/tr_brownston_blue_leather_jacket-01.jpg", "colour": "blue", "stock": 5 },
        { "itemNumber": 1044, "type": "jacket", "size": "large", "imageUrl": "https://www.caineleather.co.uk/images/P/tr_brownston_blue_leather_jacket-01.jpg", "colour": "blue", "stock": 8 },


        { "itemNumber": 1045, "type": "trousers", "size": "small", "imageUrl": "https://www.hobbs.co.uk/images/products/0217-8602-9845L00-1945/0217-8602-9845L00-1945_01_1008_1080.jpg", "colour": "red", "length": "long", "stock": 0 },
        { "itemNumber": 1046, "type": "trousers", "size": "small", "imageUrl": "https://www.hobbs.co.uk/images/products/0217-8602-9845L00-1945/0217-8602-9845L00-1945_01_1008_1080.jpg", "colour": "red", "length": "standard", "stock": 1 },
        { "itemNumber": 1047, "type": "trousers", "size": "small", "imageUrl": "https://www.hobbs.co.uk/images/products/0217-8602-9845L00-1945/0217-8602-9845L00-1945_01_1008_1080.jpg", "colour": "red", "length": "short", "stock": 0 },
        { "itemNumber": 1048, "type": "trousers", "size": "medium", "imageUrl": "https://www.hobbs.co.uk/images/products/0217-8602-9845L00-1945/0217-8602-9845L00-1945_01_1008_1080.jpg", "colour": "red", "length": "long", "stock": 1 },
        { "itemNumber": 1049, "type": "trousers", "size": "medium", "imageUrl": "https://www.hobbs.co.uk/images/products/0217-8602-9845L00-1945/0217-8602-9845L00-1945_01_1008_1080.jpg", "colour": "red", "length": "standard", "stock": 2 },
        { "itemNumber": 1050, "type": "trousers", "size": "medium", "imageUrl": "https://www.hobbs.co.uk/images/products/0217-8602-9845L00-1945/0217-8602-9845L00-1945_01_1008_1080.jpg", "colour": "red", "length": "short", "stock": 0 },
        { "itemNumber": 1051, "type": "trousers", "size": "large", "imageUrl": "https://www.hobbs.co.uk/images/products/0217-8602-9845L00-1945/0217-8602-9845L00-1945_01_1008_1080.jpg", "colour": "red", "length": "long", "stock": 1 },
        { "itemNumber": 1052, "type": "trousers", "size": "large", "imageUrl": "https://www.hobbs.co.uk/images/products/0217-8602-9845L00-1945/0217-8602-9845L00-1945_01_1008_1080.jpg", "colour": "red", "length": "standard", "stock": 0 },
        { "itemNumber": 1053, "type": "trousers", "size": "large", "imageUrl": "https://www.hobbs.co.uk/images/products/0217-8602-9845L00-1945/0217-8602-9845L00-1945_01_1008_1080.jpg", "colour": "red", "length": "short", "stock": 2 },

        { "itemNumber": 1054, "type": "shirt", "size": "small", "imageUrl": "http://christainapparel.com/wp-content/uploads/2017/04/plain-t-shirt-red-1-800x800.jpg", "colour": "red", "stock": 5 },
        { "itemNumber": 1055, "type": "shirt", "size": "medium", "imageUrl": "http://christainapparel.com/wp-content/uploads/2017/04/plain-t-shirt-red-1-800x800.jpg", "colour": "red", "stock": 8 },
        { "itemNumber": 1056, "type": "shirt", "size": "large", "imageUrl": "http://christainapparel.com/wp-content/uploads/2017/04/plain-t-shirt-red-1-800x800.jpg", "colour": "red", "stock": 4 },

        { "itemNumber": 1057, "type": "jacket", "size": "small", "imageUrl": "https://www.jacketsmaker.com/wp-content/uploads/2016/01/The-Karate-Kid-Part-2-Johnny-s-William-Zabka-Cobra-Kai-Jacket-1-800x980.jpg", "colour": "red", "stock": 2 },
        { "itemNumber": 1058, "type": "jacket", "size": "medium", "imageUrl": "https://www.jacketsmaker.com/wp-content/uploads/2016/01/The-Karate-Kid-Part-2-Johnny-s-William-Zabka-Cobra-Kai-Jacket-1-800x980.jpg", "colour": "red", "stock": 4 },
        { "itemNumber": 1059, "type": "jacket", "size": "large", "imageUrl": "https://www.jacketsmaker.com/wp-content/uploads/2016/01/The-Karate-Kid-Part-2-Johnny-s-William-Zabka-Cobra-Kai-Jacket-1-800x980.jpg", "colour": "red", "stock": 5 },


        { "itemNumber": 1060, "type": "trousers", "size": "small", "imageUrl": "https://www.hobbs.co.uk/images/products/0217-8604-9013L01-323/0217-8604-9013L01-323_02_1008_1080.jpg", "colour": "pink", "length": "long", "stock": 0 },
        { "itemNumber": 1061, "type": "trousers", "size": "small", "imageUrl": "https://www.hobbs.co.uk/images/products/0217-8604-9013L01-323/0217-8604-9013L01-323_02_1008_1080.jpg", "colour": "pink", "length": "standard", "stock": 0 },
        { "itemNumber": 1062, "type": "trousers", "size": "small", "imageUrl": "https://www.hobbs.co.uk/images/products/0217-8604-9013L01-323/0217-8604-9013L01-323_02_1008_1080.jpg", "colour": "pink", "length": "short", "stock": 0 },
        { "itemNumber": 1063, "type": "trousers", "size": "medium", "imageUrl": "https://www.hobbs.co.uk/images/products/0217-8604-9013L01-323/0217-8604-9013L01-323_02_1008_1080.jpg", "colour": "pink", "length": "long", "stock": 0 },
        { "itemNumber": 1064, "type": "trousers", "size": "medium", "imageUrl": "https://www.hobbs.co.uk/images/products/0217-8604-9013L01-323/0217-8604-9013L01-323_02_1008_1080.jpg", "colour": "pink", "length": "standard", "stock": 0 },
        { "itemNumber": 1065, "type": "trousers", "size": "medium", "imageUrl": "https://www.hobbs.co.uk/images/products/0217-8604-9013L01-323/0217-8604-9013L01-323_02_1008_1080.jpg", "colour": "pink", "length": "short", "stock": 0 },
        { "itemNumber": 1066, "type": "trousers", "size": "large", "imageUrl": "https://www.hobbs.co.uk/images/products/0217-8604-9013L01-323/0217-8604-9013L01-323_02_1008_1080.jpg", "colour": "pink", "length": "long", "stock": 0 },
        { "itemNumber": 1067, "type": "trousers", "size": "large", "imageUrl": "https://www.hobbs.co.uk/images/products/0217-8604-9013L01-323/0217-8604-9013L01-323_02_1008_1080.jpg", "colour": "pink", "length": "standard", "stock": 0 },
        { "itemNumber": 1068, "type": "trousers", "size": "large", "imageUrl": "https://www.hobbs.co.uk/images/products/0217-8604-9013L01-323/0217-8604-9013L01-323_02_1008_1080.jpg", "colour": "pink", "length": "short", "stock": 0 },

        { "itemNumber": 1069, "type": "shirt", "size": "small", "imageUrl": "https://rukminim1.flixcart.com/image/832/832/shirt/p/b/u/bfshtpc501bpnk-being-fab-46-original-imaecvnxxgkg4sas.jpeg?q=70", "colour": "pink", "stock": 4 },
        { "itemNumber": 1070, "type": "shirt", "size": "medium", "imageUrl": "https://rukminim1.flixcart.com/image/832/832/shirt/p/b/u/bfshtpc501bpnk-being-fab-46-original-imaecvnxxgkg4sas.jpeg?q=70", "colour": "pink", "stock": 6 },
        { "itemNumber": 1071, "type": "shirt", "size": "large", "imageUrl": "https://rukminim1.flixcart.com/image/832/832/shirt/p/b/u/bfshtpc501bpnk-being-fab-46-original-imaecvnxxgkg4sas.jpeg?q=70", "colour": "pink", "stock": 5 },

        { "itemNumber": 1072, "type": "jacket", "size": "small", "imageUrl": "https://www.collectif.co.uk/images/outlaw-plain-biker-jacket-p4253-150101_image.jpg", "colour": "pink", "stock": 1 },
        { "itemNumber": 1073, "type": "jacket", "size": "medium", "imageUrl": "https://www.collectif.co.uk/images/outlaw-plain-biker-jacket-p4253-150101_image.jpg", "colour": "pink", "stock": 3 },
        { "itemNumber": 1074, "type": "jacket", "size": "large", "imageUrl": "https://www.collectif.co.uk/images/outlaw-plain-biker-jacket-p4253-150101_image.jpg", "colour": "pink", "stock": 4 }
    ]
}